"ID","LON","LAT","YEAR"
"B1K-03-04","34.878","32.412",NA
"B1K-03-07","34.878","32.412",NA
"B1K-03-09","34.878","32.412",NA
"B1K-04-08","35.306","31.835",NA
"B1K-04-12","35.306","31.835",NA
"B1K-04-13","35.306","31.835",NA
"B1K-07-02","35.516","32.342",NA
"B1K-07-11","35.516","32.342",NA
"B1K-07-17","35.516","32.342",NA
"B1K-10-01","34.584","31.697",NA
"B1K-10-05","34.584","31.697",NA
"B1K-10-10","34.584","31.697",NA
"B1K-14-13","35.661","32.779",NA
"B1K-14-17","35.661","32.779",NA
"B1K-15-07","35.662","32.691",NA
"B1K-15-15","35.662","32.691",NA
"B1K-15-19","35.662","32.691",NA
"B1K-16-01","35.122","31.347",NA
"B1K-16-10","35.122","31.347",NA
"B1K-16-15","35.122","31.347",NA
"B1K-17-07","34.891","31.538",NA
"B1K-17-10","34.891","31.538",NA
"B1K-17-17","34.891","31.538",NA
"B1K-19-01","35.022","31.918",NA
"B1K-19-12","35.022","31.918",NA
"B1K-20-17","34.931","32.618",NA
"B1K-21-20","34.974","32.653",NA
"B1K-25-01","35.434","32.463",NA
"B1K-25-15","35.434","32.463",NA
"B1K-25-20","35.434","32.463",NA
"B1K-26-08","35.639","32.748",NA
"B1K-26-16","35.639","32.748",NA
"B1K-26-17","35.639","32.748",NA
"B1K-27-08","35.544","32.875",NA
"B1K-27-15","35.544","32.875",NA
"B1K-28-10","35.496","32.824",NA
"B1K-28-17","35.496","32.824",NA
"B1K-29-04","35.496","32.824",NA
"B1K-29-13","35.496","32.824",NA
"B1K-29-20","35.496","32.824",NA
"B1K-30-03","34.977","32.715",NA
"B1K-30-07","34.977","32.715",NA
"B1K-30-13","34.977","32.715",NA
"B1K-31-01","35.447","32.773",NA
"B1K-31-05","35.447","32.773",NA
"B1K-31-19","35.447","32.773",NA
"B1K-32-02","35.471","32.578",NA
"B1K-32-13","35.471","32.578",NA
"B1K-33-03","34.677","30.572",NA
"B1K-33-09","34.677","30.572",NA
"B1K-33-13","34.677","30.572",NA
"B1K-35-11","34.899","31.597",NA
"B1K-35-16","34.899","31.597",NA
"B1K-35-19","34.899","31.597",NA
"B1K-37-06","35.607","32.906",NA
"B1K-37-11","35.607","32.906",NA
"B1K-37-15","35.607","32.906",NA
"B1K-38-01","35.702","32.944",NA
"B1K-38-08","35.702","32.944",NA
"B1K-38-14","35.702","32.944",NA
"B1K-41-08","35.648","33.251",NA
"B1K-41-13","35.648","33.251",NA
"B1K-41-18","35.648","33.251",NA
"B1K-42-01","35.63","33.14",NA
"B1K-42-07","35.63","33.14",NA
"B1K-42-16","35.63","33.14",NA
"B1K-44-07","35.19","32.988",NA
"B1K-44-09","35.19","32.988",NA
"B1K-44-13","35.19","32.988",NA
"B1K-48-11","35.013","31.69",NA
"B1K-48-16","35.013","31.69",NA
"B1K-48-19","35.013","31.69",NA
"B1K-51-01","35.424","32.974",NA
"B1K-51-07","35.424","32.974",NA
"B1K-51-13","35.424","32.974",NA
"FT037","34.473","31.401",NA
"FT045","35.437","31.673",NA
"FT067","34.89","31.537",NA
"FT11","35.305","31.835",NA
"FT144","34.68","30.572",NA
"FT147","34.744","30.845",NA
"FT172","35.731","33.229",NA
"FT175","35.646","33.251",NA
"FT18","35.399","32.069",NA
"FT218","35.113","31.772",NA
"FT219","35.764","33.287",NA
"FT222","35.424","32.974",NA
"FT229","44.15","36.4",NA
"FT232","41.65","36.417",NA
"FT248","48.579","31.676",NA
"FT252","44.483","37.25",NA
"FT262","37.283","36.781",NA
"FT268","38.881","35.167",NA
"FT270","36.836","33.654",NA
"FT272","36.05","32.217",NA
"FT276","35.667","32.583",NA
"FT279","69","35.75",NA
"FT286","50.833","30.067",NA
"FT31","34.585","31.698",NA
"FT332","48.183","33.817",NA
"FT333","59.483","35.983",NA
"FT338","35.417","33",NA
"FT340","34.7","31.5",NA
"FT361","28.167","36.4",NA
"FT363","34.017","34.983",NA
"FT376","62.342","35.276",NA
"FT389","101.15","30.97",NA
"FT393","35.445","32.743",NA
"FT42","34.631","30.89",NA
"FT462","39.78","37.778",NA
"FT469","39.702","37.553",NA
"FT470","40.771","37.332",NA
"FT473","37.787","37.658",NA
"FT507","43.417","36.383",NA
"FT512","35.821","35.606",NA
"FT56","35.66","32.781",NA
"FT566","56.683","38.417",NA
"FT567","61.883","41.05",NA
"FT568","63.183","34.5",NA
"FT572","35.633","30.667",NA
"FT578","43.1","40.65",NA
"FT581","41.717","37.967",NA
"FT582","42.099","37.093",NA
"FT584","40.498","36.967",NA
"FT589","37.007","35.029",NA
"FT590","36.703","35.013",NA
"FT592","41.086","37.074",NA
"FT595","42.167","36.333",NA
"FT604","43.167","36.083",NA
"FT611","51.25","35.5",NA
"FT613","49.83","32.55",NA
"FT616","48.258","32.189",NA
"FT626","35.717","32.1",NA
"FT627","35.9","32.017",NA
"FT628","36.379","32.596",NA
"FT630","35.867","33.467",NA
"FT631","36.1","33.933",NA
"FT632","42.071","37.078",NA
"FT64","35.123","31.347",NA
"FT643","35.437","31.673",NA
"FT657","52.525","29.608",NA
"FT658","43.2","35.367",NA
"FT660","45.7","36.75",NA
"FT661","47.2","38.5",NA
"FT670","36.932","36.992",NA
"FT671","35.917","33.833",NA
"FT730","37.275","37.329",NA
"FT731","37.281","37.424",NA
"FT733","36.467","36.256",NA
"FT734","38.779","37.41",NA
"FT735","39.955","37.792",NA
"FT741","41.453","37.681",NA
"FT746","36.728","36.979",NA
"FT747","36.952","36.866",NA
"FT748","37.735","37.315",NA
"FT75","34.888","31.437",NA
"FT754","40.001","36.95",NA
"FT871","67.693","40.071",NA
"FT873","66.625","38.311",NA
"FT875","67.436","38.075",NA
"FT878","46.019","34.443",NA
"FT879","45.943","34.526",NA
"FT880","47.029","35.272",NA
"FT885","68.614","38.624",NA
"FT886","69.239","38.342",NA
"WBDC_007","35.92","32.33",NA
"WBDC_012","64.86","36.28",NA
"WBDC_019","45.72","36.75",NA
"WBDC_029","34.63","31.58",NA
"WBDC_030","35.18","33.08",NA
"WBDC_032","35.13","33",NA
"WBDC_051","39.03","34.76",NA
"WBDC_097","35.83","31.28",NA
"WBDC_123","58.47","36.42",NA
"WBDC_128","36.17","33.84",NA
"WBDC_132","35.87","33.47",NA
"WBDC_140","36.08","34.2",NA
"WBDC_149","45","38.08",NA
"WBDC_169","35.78","33.5",NA
"WBDC_170","35.95","33.63",NA
"WBDC_195","37.22","36.81",NA
"WBDC_196","36.93","36.99",NA
"WBDC_204","57.12","38.58",NA
"WBDC_207","71.18","40.34",NA
"WBDC_210","67.68","39.93",NA
"WBDC_212","67.09","40.01",NA
"WBDC_213","66.56","39.55",NA
"WBDC_216","56.85","38.73",NA
"WBDC_220","69.7","42.42",NA
"WBDC_225","69.2","40.12",NA
"WBDC_228","49.19","40.49",NA
"WBDC_229","48.89","40.53",NA
"WBDC_231","48.8","40.71",NA
"WBDC_233","68.7","35.93",NA
"WBDC_236","35.62","31.6",NA
"WBDC_237","35.62","31.53",NA
"WBDC_257","35.7","31.18",NA
"WBDC_260","35.5","30.5",NA
"WBDC_265","35.67","30.93",NA
"WBDC_268","36.76","31.75",NA
"WBDC_269","35.87","33.42",NA
"WBDC_274","34.77","30.87",NA
"WBDC_285","35.45","32.98",NA
"WBDC_286","35.47","32.97",NA
"WBDC_297","41.75","37.06",NA
"WBDC_300","36.86","36.37",NA
"WBDC_315","36.85","34.94",NA
"WBDC_317","38.76","35.52",NA
"WBDC_318","36.74","32.6",NA
"WBDC_324","61.46","35.83",NA
"WBDC_326","58.6","37.72",NA
"WBDC_332","56.42","38.43",NA
"WBDC_333","56.49","38.41",NA
"WBDC_336","56.68","38.42",NA
"WBDC_338","37.54","37.27",NA
"WBDC001","36.7","36.22",NA
"WBDC002","37.44","35.71",NA
"WBDC004","36.54","35.97",NA
"WBDC005","35.92","32.45",NA
"WBDC006","36.17","32.3",NA
"WBDC008","35.62","32.67",NA
"WBDC009","35.75","31.53",NA
"WBDC010","65.73","36.67",NA
"WBDC018","63.12","34.98",NA
"WBDC020","40.03","36.85",NA
"WBDC022","30.52","39.78",NA
"WBDC061","36.6","36.157",NA
"HID004","43.24","35.58",NA
"HID055","40.03","36.85",NA
"HID062","37.15","36.85",NA
"HID069","37.52","36.85",NA
"HID080","37.49","37.32",NA
"HID294","46.17","33.11",NA
"HID358","39.9","37.89",NA
"WB-172","62.2","34.32",NA
"WB-33","48.898","31.833",NA
"WB-34","44.467","37.25",NA
"WB-35","35.417","33.01",NA
"WB-36","35.76","33.32",NA
"WB-479","34.865","30.934",NA
"WB-480","34.888","31.436",NA
"WB-481","35.507","32.821",NA
"WB-482","34.899","31.595",NA
"WB-483","35.7","32.633",NA
"WB-484","66.625","38.311",NA
"WB-486","43.22","35.58",NA
"WB-487","40.033","36.85",NA
"WB-488","37.09","36.68",NA
"WB-489","37.475","36.752",NA
"WB-490","37.521","36.854",NA
"WB-491","37.467","37.323",NA
"WB-492","38.86","35.18",NA
"WB-493","36.836","33.654",NA
"WB-494","35.821","35.606",NA
"WB-495","36.75","34.95",NA
"WB-496","35.317","33.45",NA
"WB-497","48.55","32",NA
"WB-498","44.2","36.4",NA
"WB-499","50.84","30.07",NA
"WB-500","62.617","32.617",NA
"WB-501","48.567","33.233",NA
"WB-504","44.409","38.471",NA
"WB-505","39.748","37.787",NA
"WB-507","34.882","31.383",NA
"WB-509","35.05","31.77",NA
"WB-511","35.669","32.752",NA
