,Genes,OrthoGenes,SNPs,NA,Barley landraces,Barley wild relatives,Common bean landraces,Common bean wild relatives,Maize landraces,Maize wild relatives,Rice landraces,Rice wild relatives,Sorghum landraces,Soybean landraces,Soybean wild relatives,Tepary bean landraces
Tomato wild relatives,1734,952,1403,550,617,327,299,465,530,267,742,266,753,835,156,324
Barley landraces,112396,11455,46890,NA,10788,2148,1838,4148,5036,2525,7428,2538,5736,6406,991,2159
Barley wild relatives,137224,13520,72272,NA,NA,2403,2098,4718,5723,2768,8428,2866,6531,7330,1105,2460
Common bean landraces,7105,4559,13164,NA,NA,NA,1495,1885,2064,1043,2921,1157,3572,3865,755,1519
Common bean wild relatives,4906,3533,7032,NA,NA,NA,NA,1701,1821,917,2532,1029,2999,3241,1011,2081
Maize landraces,17208,7716,34784,NA,NA,NA,NA,NA,4843,2162,5779,2862,4651,5114,924,1925
Maize wild relatives,19010,9264,121116,NA,NA,NA,NA,NA,NA,2344,7041,2644,5574,6239,925,2053
Rice landraces,9630,5038,14631,NA,NA,NA,NA,NA,NA,NA,4510,1568,2510,2757,484,1023
Rice wild relatives,33141,14975,91715,NA,NA,NA,NA,NA,NA,NA,NA,3607,7961,8929,1324,2940
Sorghum landraces,6207,4524,8449,NA,NA,NA,NA,NA,NA,NA,NA,NA,2707,2937,537,1135
Soybean landraces,44958,12402,103101,NA,NA,NA,NA,NA,NA,NA,NA,NA,NA,12142,1548,3400
Soybean wild relatives,59250,14197,151898,NA,NA,NA,NA,NA,NA,NA,NA,NA,NA,NA,1657,3675
Tepary bean landraces,3874,1783,2704,NA,NA,NA,NA,NA,NA,NA,NA,NA,NA,NA,NA,1533
Tepary bean wild relatives,9531,4010,8816,NA,NA,NA,NA,NA,NA,NA,NA,NA,NA,NA,NA,NA
