numLin	p	q	n_est	locus	pooled_q	ENV	ENVD	P(Tomato wild relatives)	P(Barley landraces)	P(Barley wild relatives)	P(Common bean landraces)	P(Common bean wild relatives)	P(Maize landraces)	P(Maize wild relatives)	P(Rice landraces)	P(Rice wild relatives)	P(Sorghum landraces)	P(Soybean landraces)	P(Soybean wild relatives)	P(Tepary bean landraces)	P(Tepary bean wild relatives)	OG	GEA
5	5.99999994e-08	0.0001450199985498	5	OG0005468	0.0008686799913132	GRODD	Growing degree days	NA	NA	0.00548112058465286	NA	NA	0.0150827549386012	0.00377358490566038	NA	0.0210203939583768	NA	NA	0.0252931199764029	NA	NA	AT1G74960.1, AT1G74960.2, AT1G74960.3	LFMM
5	2.99999970000003e-07	0.000725099927490007	5	OG0005468	0.00434339956566004	BIO1	Annual mean temperature	NA	NA	0.00814555420219245	NA	NA	0.0137479978643887	0.00377358490566038	NA	0.0208115820978632	NA	NA	0.0402625175134577	NA	NA	AT1G74960.1, AT1G74960.2, AT1G74960.3	LFMM
3	2.99999970000003e-07	0.000731999926800007	3	OG0000119	0.00434339956566004	BIO15	Precipitation seasonality	NA	0.000984163908025409	NA	NA	NA	NA	0.00388457269700333	NA	NA	0.00438495268866836	NA	NA	NA	NA		LFMM
5	6.99999930000007e-07	0.00169189983081002	5	OG0005468	0.0101345989865401	BIO10	Mean temperature warmest quarter	NA	NA	0.00197929354445798	NA	NA	0.00961025093432995	0.00321864594894562	NA	0.0429456393123129	NA	NA	0.0156330654081557	NA	NA	AT1G74960.1, AT1G74960.2, AT1G74960.3	LFMM
5	7.99999920000008e-07	0.00193359980664002	5	OG0005468	0.0115823988417601	SUMDA	Sum of annual summer days	NA	NA	0.00746041412911084	NA	NA	0.0420448478376935	0.000887902330743618	NA	0.0249182153546321	NA	NA	0.0101762406902146	NA	NA	AT1G74960.1, AT1G74960.2, AT1G74960.3	LFMM
5	1.999998000002e-06	0.00483399516600483	5	OG0005468	0.028955971044029	BIO5	Maximal temperature of warmest month	NA	NA	0.00106577344701583	NA	NA	0.0232247730912974	0.00277469478357381	NA	0.0350107886127932	NA	NA	0.0127571713000516	NA	NA	AT1G74960.1, AT1G74960.2, AT1G74960.3	LFMM
5	7.999992000008e-06	0.0193359806640193	5	OG0005468	0.115823884176116	BIO11	Mean temperature coldest quarter	NA	NA	0.0732338611449452	NA	NA	0.060464495461826	0.0051054384017758	NA	0.0375861348924619	NA	NA	0.0679153454759973	NA	NA	AT1G74960.1, AT1G74960.2, AT1G74960.3	LFMM
5	1.9999800002e-05	0.048339516604834	2	OG0006195	0.144778552214478	ARIDITY	Aridity	NA	0.000805225015657153	0.000304506699147381	NA	NA	NA	0.0896781354051054	NA	0.512633117561077	NA	NA	0.0253668608509697	NA	NA	AT1G19800.1, AT1G19800.2, AT1G19800.3, AT1G19800.4, AT1G19800.5, AT1G19800.6	LFMM
6	9.99999000001e-06	0.0232399767600232	6	OG0010601	0.144778552214478	ARIDITY	Aridity	NA	NA	NA	0.0971214603323192	0.0840681951793063	NA	0.0560488346281909	NA	0.00786524674601517	NA	NA	0.104048374013716	NA	0.0267137096774194	AT2G47980.1	LFMM
5	1.6999983000017e-05	0.0410889589110411	2	OG0004875	0.144778552214478	VSOILW	Volumetric soil water	NA	0.639438131877964	0.0121802679658952	NA	NA	NA	NA	NA	0.522029651284193	NA	0.000607533414337789	7.37408745667724e-05	NA	NA	AT3G14170.1, AT3G14170.2	LFMM
8	1.9999800002e-05	0.027139728602714	7	OG0001063	0.144778552214478	VSOILW	Volumetric soil water	NA	0.0583340789120515	0.0308313032886724	NA	0.0770135214579659	NA	0.0472807991120977	0.117025956885174	0.080670982111784	NA	0.98837007463982	0.06739915935403	NA	NA	AT2G32850.1, AT2G32850.2	LFMM
6	9.99999000001e-06	0.0232399767600232	4	OG0016285	0.144779855220145	NITRO	Nitrogen 	NA	0.893352420148519	0.0089068209500609	NA	NA	0.00266951414842499	0.0122086570477248	0.0175978882534096	NA	0.47565197322871	NA	NA	NA	NA		LFMM
5	3.9999600004e-05	0.048339516604834	2	OG0012045	0.193038069619304	ARIDITY	Aridity	NA	NA	NA	NA	NA	NA	0.0361820199778024	0.798724153101628	0.934433075798705	NA	0.000347161951050165	0.000958631369368041	NA	NA	AT1G12230.1, AT1G12230.2	LFMM
13	3.9999600004e-05	0.000839991600083999	13	OG0000277	0.193038069619304	VSOILW	Volumetric soil water	NA	0.132056902567773	0.170828258221681	0.0180201263749122	0.0235155790711346	0.0383075280298986	0.317092119866815	0.313902331720194	0.0254750469826686	0.199399953842603	0.320430480819302	0.398790649657105	0.0997175141242938	0.261592741935484	AT1G12610.1, AT1G63030.1, AT1G63030.2, AT4G25470.1, AT4G25480.1, AT4G25490.1, AT5G51990.1	LFMM
7	1.99999980000002e-07	0.000373199962680004	7	OG0002438	0.00289659971034003	VSOILW	Volumetric soil water	NA	0.0804002144005717	0.0121932632220698	NA	0.0017636684303351	0.0660176046945852	0.0164261931187569	NA	NA	NA	NA	0.0232215259859934	NA	0.0637119113573407	AT2G40830.1, AT2G40830.2, AT2G40830.3, AT2G40830.4, AT3G56580.1, AT3G56580.2, AT3G56580.3	KTAU
4	1.09999989000001e-06	0.00248379975162002	3	OG0000035	0.0144829855170145	BIO11	Mean temperature coldest quarter	0.543039319872476	NA	NA	NA	NA	NA	0.00388457269700333	NA	NA	NA	0.00138840680319334	0.00398083302617029	NA	NA	AT2G24710.1, AT2G24710.2, AT2G24710.3, AT2G24720.1, AT2G29100.1, AT2G29100.2, AT2G29110.1, AT2G29110.2, AT2G29120.1, AT4G31710.1, AT4G31710.2, AT5G11180.1, AT5G11180.2, AT5G11210.1, AT5G11210.10, AT5G11210.11, AT5G11210.2, AT5G11210.3, AT5G11210.4, AT5G11210.5, AT5G11210.6, AT5G11210.7, AT5G11210.8, AT5G11210.9, AT5G27100.1	KTAU
7	1.999998000002e-06	0.00373199626800373	4	OG0006533	0.0144829855170145	BIO11	Mean temperature coldest quarter	NA	NA	0.23007163542143	NA	NA	NA	0.420199778024417	0.00615519894482304	0.193889623495024	0.00623268698060942	0.000607427976397084	0.0022852930335422	NA	NA	AT2G17440.1, AT4G35470.1, AT4G35470.2	KTAU
4	1.999998000002e-06	0.00451599548400452	3	OG0000035	0.028965971034029	BIO6	Minimum temperature of coldest month	0.519659936238045	NA	NA	NA	NA	NA	0.00455049944506104	NA	NA	NA	0.00138840680319334	0.00552893475856985	NA	NA	AT2G24710.1, AT2G24710.2, AT2G24710.3, AT2G24720.1, AT2G29100.1, AT2G29100.2, AT2G29110.1, AT2G29110.2, AT2G29120.1, AT4G31710.1, AT4G31710.2, AT5G11180.1, AT5G11180.2, AT5G11210.1, AT5G11210.10, AT5G11210.11, AT5G11210.2, AT5G11210.3, AT5G11210.4, AT5G11210.5, AT5G11210.6, AT5G11210.7, AT5G11210.8, AT5G11210.9, AT5G27100.1	KTAU
4	1.999998000002e-06	0.00451599548400452	3	OG0000035	0.028965971034029	FRODA	Sum of annual frost days	0.447396386822529	NA	NA	NA	NA	NA	0.0025527192008879	NA	NA	NA	0.001041305102395	0.0047917434574272	NA	NA	AT2G24710.1, AT2G24710.2, AT2G24710.3, AT2G24720.1, AT2G29100.1, AT2G29100.2, AT2G29110.1, AT2G29110.2, AT2G29120.1, AT4G31710.1, AT4G31710.2, AT5G11180.1, AT5G11180.2, AT5G11210.1, AT5G11210.10, AT5G11210.11, AT5G11210.2, AT5G11210.3, AT5G11210.4, AT5G11210.5, AT5G11210.6, AT5G11210.7, AT5G11210.8, AT5G11210.9, AT5G27100.1	KTAU
7	5.29999947000005e-06	0.0098897990110201	4	OG0006533	0.0383799461620054	BIO6	Minimum temperature of coldest month	NA	NA	0.164913885078494	NA	NA	NA	0.274250832408435	0.0131897120246208	0.385691419027072	0.00923361034164358	0.000607427976397084	0.000442314780685588	NA	NA	AT2G17440.1, AT4G35470.1, AT4G35470.2	KTAU
7	2.999997000003e-06	0.0055979944020056	4	OG0006533	0.0434489565510435	BIO9	Mean temperature driest quarter	NA	NA	0.2075140984606	NA	NA	NA	0.252386237513873	0.005495713343592	0.207738882316097	0.0126962142197599	0.000607427976397084	0.00390711389605603	NA	NA	AT2G17440.1, AT4G35470.1, AT4G35470.2	KTAU
9	5.999994000006e-06	0.00574799425200575	5	OG0003184	0.0868979131020869	BIO2	Mean diurnal range	NA	0.823208861890298	0.886602652034751	0.0191812865497076	0.00323339212228101	0.0194718591624433	NA	NA	0.0138492588210731	NA	0.00251648733078792	0.510578695171397	NA	0.156887433895744	AT5G16880.1, AT5G16880.2, AT5G16880.3, AT5G16880.4	KTAU
