OrthogeneID	A..thaliana.OG	UP_ID	UP_Name	GO.MF	GO.BP	GO.CC	top_pheno_pos	top_pheno_type	top_pheno_id	top_pheno	top_pheno_score	top_pheno_bonferroni	top_pheno_permutation	all_pheno	Pheno	Study	Scoring	TO_name	TO_definition	Growth.Conditions	DOI
OG0005468	AT1G74960	KASC2_ARATH	3-oxoacyl-[acyl-carrier-protein] synthase II, chloroplastic (EC 2.3.1.41) (Beta-ketoacyl-acyl-carrier-protein synthase II) (AtKAS2) (Beta-ketoacyl-ACP synthetase 2) (Protein FATTY ACID BIOSYNTHESIS 1)	3-oxoacyl-[acyl-carrier-protein] synthase activity [GO:0004315]	cold acclimation [GO:0009631]; embryo development ending in seed dormancy [GO:0009793]; fatty acid biosynthetic process [GO:0006633]; unsaturated fatty acid biosynthetic process [GO:0006636]	chloroplast [GO:0009507]; chloroplast stroma [GO:0009570]; cytosol [GO:0005829]; mitochondrion [GO:0005739]; plastid [GO:0009536]	chr1:28154307	SYNONYMOUS_CODING	529	rSurvival fruit mlp	5.98099505325191	False	False	yield trait;seed dormancy;days to flowering trait;relative root length	rSurvival fruit mlp	Lifetime fitness in Germany and Spain under rainfall manipulation	relative survival to reproduction (proportion of plants or 1/0 alive/dead) in Madrid low precipitation treatment and population (high density) replicate	yield trait	"A plant trait (TO:0000387) which is a harvestable product that is a plant anatomical entity (PO:0025131) or one or more constituent cellular components (GO:0005575) contained therein." [GR:pj, TO:cooperl]	NA	10.21958/phenotype:529
OG0006195	AT1G19800	TGD1_ARATH	Protein TRIGALACTOSYLDIACYLGLYCEROL 1, chloroplastic (ABC transporter I family member 14) (ABC transporter ABCI.14) (AtABCI14)	lipid transporter activity [GO:0005319]; phospholipid transporter activity [GO:0005548]	lipid transport [GO:0006869]; phospholipid transport [GO:0015914]	ATP-binding cassette (ABC) transporter complex [GO:0043190]; chloroplast [GO:0009507]; chloroplast envelope [GO:0009941]; chloroplast inner membrane [GO:0009706]; chloroplast outer membrane [GO:0009707]; nucleus [GO:0005634]	chr1:6846732	UTR_5_PRIME	528	rSurvival fruit mli	4.11837256139532	False	False	yield trait	rSurvival fruit mli	Lifetime fitness in Germany and Spain under rainfall manipulation	relative survival to reproduction (proportion of plants or 1/0 alive/dead) in Madrid low precipitation treatment and individual (low density) replicate	yield trait	"A plant trait (TO:0000387) which is a harvestable product that is a plant anatomical entity (PO:0025131) or one or more constituent cellular components (GO:0005575) contained therein." [GR:pj, TO:cooperl]	NA	10.21958/phenotype:528
OG0010601	AT2G47980	SCC3_ARATH	Sister-chromatid cohesion protein 3 (AtSCC3) (Stromalin protein)	chromatin binding [GO:0003682]	cell division [GO:0051301]; meiotic sister chromatid cohesion, centromeric [GO:0051754]; mitotic cell cycle [GO:0000278]; sister chromatid cohesion [GO:0007062]; spindle attachment to meiosis I kinetochore [GO:0051455]	chromatin [GO:0000785]; chromosome [GO:0005694]; cohesin complex [GO:0008278]; nucleus [GO:0005634]	chr2:19632037	INTRON	76	Zn66	4.20842727896138	False	False	zinc concentration	Zn66	Atwell et. al, Nature 2010	Zinc concentrations in leaves, grown in soil. Elemental analysis was performed with an ICP-MS (PerkinElmer). Sample normalized to calculated weights as described in Baxter et al., 2008	zinc concentration	"A zinc content (TO:0020090) which is the concentration of zinc (CHEBI:27364) in some plant structure (PO:0009011)" [GR:Karthik]	NA	10.21958/phenotype:76
OG0004875	AT3G14170	CORD1_ARATH	Protein CORTICAL MICROTUBULE DISORDERING 1 (AtCORD1)		microtubule cytoskeleton organization [GO:0000226]	microtubule [GO:0005874]	chr3:4697301	NON_SYNONYMOUS_CODING	728	deltaRGR P Fe norm on Fe norm	4.22925178638472	False	False	relative root length	deltaRGR P Fe norm on Fe norm	Root growth rates under nutrient deficiency	individual root growth was measured as the mean of 3 Arabidopsis seedlings. This phenotype is the differences of the normalized root growth rates for seedlings growing under -P and -Fe compared to seedlings only growing under -Fe	relative root length	"The relative length of the root determined after a given treatment as compared to the one determined under normal conditions." [GR:pj]	Seedlings were grown on MS plates at 22°C in a growth chamber with long day conditions (16h light, 8h dark)	10.21958/phenotype:728
OG0001063	AT2G32850	O50071_ARATH	non-specific serine/threonine protein kinase (EC 2.7.11.1)	ATP binding [GO:0005524]; protein serine/threonine kinase activity [GO:0004674]			chr2:13938572	INTRON	61	Anthocyanin 16	4.38964669571014	False	False	anthocyanin content	Anthocyanin 16	Atwell et. al, Nature 2010	Results expressed as binary data, determined by the presence (1) or absence (0) of anthocyanin in all 4 plants / accession after 5wks of growth	anthocyanin content	"The anthocyanin content in a plant or plant part." [ISBN:198506732]	NA	10.21958/phenotype:61
OG0012045	AT1G12230	F4IC59_ARATH	transaldolase (EC 2.2.1.2)	transaldolase activity [GO:0004801]	carbohydrate metabolic process [GO:0005975]; pentose-phosphate shunt [GO:0006098]	cytoplasm [GO:0005737]	chr1:4147997	UTR_5_PRIME	97	avrPphB	20.1801560106912	True	True	bacterial disease resistance;days to flowering trait;yield trait;days to germinate	avrPphB	Atwell et. al, Nature 2010	Following inoculation of two leaves per plant with 0.1 ml of 10 -8 cfu/ml bacteria in 10 mM MgSO4 buffer using a blunt-tipped syringe, leaf collapse was scored at 20 hrs and again at 24 hrs after inoculation. A positive score at either time point was deemed a hypersensitive response	bacterial disease resistance	"The resistance exhibited by a plant or a group of plants (population) in response to the disease caused by a bacterial pathogen infection as compared to the susceptible and/or the reference plants of the same species." [GR:pj]	NA	10.21958/phenotype:97
OG0000277	AT1G12610	DRE1F_ARATH	Dehydration-responsive element-binding protein 1F (Protein DREB1F)	DNA-binding transcription factor activity [GO:0003700]; sequence-specific DNA binding [GO:0043565]; transcription cis-regulatory region binding [GO:0000976]	DNA-templated transcription [GO:0006351]; glucosinolate metabolic process [GO:0019760]; regulation of gibberellin biosynthetic process [GO:0010371]; regulation of timing of transition from vegetative to reproductive phase [GO:0048510]; regulation of unidimensional cell growth [GO:0051510]; response to freezing [GO:0050826]; response to heat [GO:0009408]; response to water deprivation [GO:0009414]	nucleus [GO:0005634]	chr1:4289979	UTR_3_PRIME	667	LRDpBZ75	10.1443658077184	True	False	root morphology trait	LRDpBZ75	Salt induced changes in Root System Architecture	EZ-Rhizo - Lateral Root Density per cm of Branching Zone at 75 mM NaCl	root morphology trait	"A plant axis morphology trait (TO:0000738) which is a quality of a root (PO:0025025)." [GR:pj, PO:0025025, POC:cooperl]	1/2 MS medium, 1% agar, pH 5.8 with KOH, plants transferred to media containing 75 mM NaCl 4 days after germination. Root architecture scored 8 days after transfer to treatment media.	10.21958/phenotype:667
OG0000277	AT1G63030	DRE1E_ARATH	Dehydration-responsive element-binding protein 1E (Protein DREB1E)	DNA binding [GO:0003677]; DNA-binding transcription factor activity [GO:0003700]	DNA-templated transcription [GO:0006351]; regulation of gibberellin biosynthetic process [GO:0010371]; regulation of timing of transition from vegetative to reproductive phase [GO:0048510]	nucleus [GO:0005634]	chr1:23367479	UTR_3_PRIME	372	Mean(LR.no) ABA	5.15976401197832	False	False	lateral root number;root branching;days to flowering trait	Mean(LR.no) ABA	Abscisic acid (ABA) treatment	After 3 days of treatment, plates were scanned with CCD flatbed scanners (EPSON Perfection V600 Photo, Seiko Epson, Nagano, Japan), and images used to quantify root parameters with FIJI, by using the tool ‘segmented line’ (Schindelin et al., 2012) as described in Ristova and Busch (2017). In particular, we quantified: primary root length on day 10 (P), growth rate of P after treatment (P2), branching zone or the length of P between the first and last visible lateral root (R), average lateral root length (LRL), and visible lateral root number (LR.No).	lateral root number	"Average sum of number of lateral roots in a plant derived per experiment." [GR:pj]	Seeds were surface sterilized in a desiccator using 100 ml of household bleach and 3.5 ml of 37% HCl for 1 h. The seeds were stratified in water at 4°C in the dark for 3 days, and were sown on square Petri dishes containing 57 ml of growth medium. The control growth medium (before transfer) consisted of one‐fifth‐strength MS medium with MES buffer (Ducheva Biochemie, Haarlem, The Netherlands), 1% sucrose, 0.8% agar (Ducheva Biochemie), and adjusted to pH 5.7.	10.21958/phenotype:372
OG0000277	AT4G25470	DRE1C_ARATH	Dehydration-responsive element-binding protein 1C (Protein DREB1C) (C-repeat/dehydration-responsive element-binding factor 2) (C-repeat-binding factor 2) (CRT/DRE-binding factor 2)	DNA-binding transcription factor activity [GO:0003700]; transcription cis-regulatory region binding [GO:0000976]	cold acclimation [GO:0009631]; DNA-templated transcription [GO:0006351]; response to cold [GO:0009409]	nucleus [GO:0005634]	chr4:13016190	UTR_5_PRIME	270	B11	4.32912657741471	False	False	boron concentration;root length	B11	Ion Concentration	Boron concentrations in leaves	boron concentration	"A mineral and ion content related trait (TO:0000465) which is the concentration of boron (CHEBI:22916) in some plant structure (PO:0009011)." [GR:Karthik]	NA	10.21958/phenotype:270
OG0000277	AT4G25480	DRE1A_ARATH	Dehydration-responsive element-binding protein 1A (Protein DREB1A) (C-repeat/dehydration-responsive element-binding factor 3) (C-repeat-binding factor 3) (CRT/DRE-binding factor 3) (Cold resistance-related AP2 transcription factor)	cis-regulatory region sequence-specific DNA binding [GO:0000987]; DNA-binding transcription factor activity [GO:0003700]; transcription cis-regulatory region binding [GO:0000976]	cold acclimation [GO:0009631]; DNA-templated transcription [GO:0006351]; positive regulation of gene expression [GO:0010628]; response to cold [GO:0009409]; response to water deprivation [GO:0009414]	nucleus [GO:0005634]	chr4:13018426	NON_SYNONYMOUS_CODING	28	YEL 	5.00323410237411	False	False	leaf chlorosis	YEL 	Atwell et. al, Nature 2010	Yellowing is a precocious,more diffused leaf chlorosis.Accessions were divided in three subgroups (mild, intermediate and severe) according to the severity of the yellowing.	leaf chlorosis	"A leaf color trait (TO:0006060) describing the yellowing of leaves, due to insufficient production of chlorophyll." [GR:Karthik, TO:moorel]	NA	10.21958/phenotype:28
OG0000277	AT4G25490	DRE1B_ARATH	Dehydration-responsive element-binding protein 1B (Protein DREB1B) (C-repeat/dehydration-responsive element-binding factor 1) (C-repeat-binding factor 1) (CRT/DRE-binding factor 1)	DNA binding [GO:0003677]; DNA-binding transcription factor activity [GO:0003700]	cold acclimation [GO:0009631]; DNA-templated transcription [GO:0006351]; positive regulation of DNA-templated transcription [GO:0045893]; response to cold [GO:0009409]; response to water deprivation [GO:0009414]	nucleus [GO:0005634]									NA	NA	NA	NA	NA	NA	NA
OG0000277	AT5G51990	DRE1D_ARATH	Dehydration-responsive element-binding protein 1D (Protein DREB1D) (C-repeat/dehydration-responsive element-binding factor 4) (C-repeat-binding factor 4) (CRT/DRE-binding factor 4)	DNA-binding transcription factor activity [GO:0003700]; transcription cis-regulatory region binding [GO:0000976]	abscisic acid-activated signaling pathway [GO:0009738]; DNA-templated transcription [GO:0006351]; glucosinolate metabolic process [GO:0019760]	nucleus [GO:0005634]									NA	NA	NA	NA	NA	NA	NA
OG0002438	AT2G40830	RHC1A_ARATH	Probable E3 ubiquitin-protein ligase RHC1A (EC 2.3.2.27) (RING-H2 finger C1a) (RING-H2 zinc finger protein RHC1a) (RING-type E3 ubiquitin transferase RHC1A)	ubiquitin protein ligase activity [GO:0061630]; zinc ion binding [GO:0008270]	negative regulation of gibberellic acid mediated signaling pathway [GO:0009938]; protein ubiquitination [GO:0016567]; response to salt stress [GO:0009651]; ubiquitin-dependent protein catabolic process [GO:0006511]	chloroplast [GO:0009507]; cytoplasm [GO:0005737]; nucleus [GO:0005634]; plant-type cell wall [GO:0009505]	chr2:17043167	INTRON	370	Mean(R) ABA	4.29855075919618	False	False	root branching	Mean(R) ABA	Abscisic acid (ABA) treatment	After 3 days of treatment, plates were scanned with CCD flatbed scanners (EPSON Perfection V600 Photo, Seiko Epson, Nagano, Japan), and images used to quantify root parameters with FIJI, by using the tool ‘segmented line’ (Schindelin et al., 2012) as described in Ristova and Busch (2017). In particular, we quantified: primary root length on day 10 (P), growth rate of P after treatment (P2), branching zone or the length of P between the first and last visible lateral root (R), average lateral root length (LRL), and visible lateral root number (LR.No).	root branching	"The extent of the root branching as determined under variable treatments and environments." [GR:pj]	Seeds were surface sterilized in a desiccator using 100 ml of household bleach and 3.5 ml of 37% HCl for 1 h. The seeds were stratified in water at 4°C in the dark for 3 days, and were sown on square Petri dishes containing 57 ml of growth medium. The control growth medium (before transfer) consisted of one‐fifth‐strength MS medium with MES buffer (Ducheva Biochemie, Haarlem, The Netherlands), 1% sucrose, 0.8% agar (Ducheva Biochemie), and adjusted to pH 5.7.	10.21958/phenotype:370
OG0002438	AT3G56580	RZF1_ARATH	E3 ubiquitin-protein ligase RZF1 (EC 2.3.2.27) (RING-H2 zinc finger protein 1) (AtRZF1)	ubiquitin protein ligase activity [GO:0061630]; ubiquitin-protein transferase activity [GO:0004842]; zinc ion binding [GO:0008270]	abscisic acid-activated signaling pathway [GO:0009738]; negative regulation of L-proline biosynthetic process [GO:1902006]; protein ubiquitination [GO:0016567]; regulation of response to osmotic stress [GO:0047484]; response to osmotic stress [GO:0006970]; response to water deprivation [GO:0009414]	cytoplasm [GO:0005737]; nucleus [GO:0005634]	chr3:20962199	INTRON	667	LRDpBZ75	4.12994387138962	False	False	root morphology trait	LRDpBZ75	Salt induced changes in Root System Architecture	EZ-Rhizo - Lateral Root Density per cm of Branching Zone at 75 mM NaCl	root morphology trait	"A plant axis morphology trait (TO:0000738) which is a quality of a root (PO:0025025)." [GR:pj, PO:0025025, POC:cooperl]	1/2 MS medium, 1% agar, pH 5.8 with KOH, plants transferred to media containing 75 mM NaCl 4 days after germination. Root architecture scored 8 days after transfer to treatment media.	10.21958/phenotype:667
OG0000035	AT2G24710	GLR23_ARATH	Glutamate receptor 2.3 (Ligand-gated ion channel 2.3)	calcium channel activity [GO:0005262]; glutamate receptor activity [GO:0008066]; ligand-gated monoatomic ion channel activity [GO:0015276]; signaling receptor activity [GO:0038023]	calcium ion transport [GO:0006816]; calcium-mediated signaling [GO:0019722]; cellular response to amino acid stimulus [GO:0071230]; intracellular calcium ion homeostasis [GO:0006874]; response to light stimulus [GO:0009416]	plasma membrane [GO:0005886]	chr2:10518179	INTRON	271	Na23	7.12025586572737	False	False	sodium concentration;root morphology trait;days to flowering trait	Na23	Ion Concentration	odium concentrations in leaves	sodium concentration	"The total sodium ion concentration measured in a given volume of a plant or a plant part or plant extract." [GR:pj]	NA	10.21958/phenotype:271
OG0000035	AT2G24720	GLR22_ARATH	Glutamate receptor 2.2 (Ligand-gated ion channel 2.2)	calcium channel activity [GO:0005262]; glutamate receptor activity [GO:0008066]; ligand-gated monoatomic ion channel activity [GO:0015276]; signaling receptor activity [GO:0038023]	calcium ion transport [GO:0006816]; calcium-mediated signaling [GO:0019722]; cellular response to amino acid stimulus [GO:0071230]; intracellular calcium ion homeostasis [GO:0006874]; response to light stimulus [GO:0009416]	plasma membrane [GO:0005886]	chr2:10524545	NON_SYNONYMOUS_CODING	283	As75	6.59676109000252	False	False	arsenic concentration;root morphology trait;lateral root length;lateral root number;root mass density;root length;root branching;selenium concentration;molybdenum concentration;days to flowering trait	As75	Ion Concentration	Arsenic concentrations in leaves	arsenic concentration	"A mineral and ion content related trait (TO:0000465) which is the concentration of arsenic (CHEBI:22632) in some plant structure (PO:0009011)." [GR:Karthik]	NA	10.21958/phenotype:283
OG0000035	AT2G29100	GLR29_ARATH	Glutamate receptor 2.9 (Ligand-gated ion channel 2.9)	calcium channel activity [GO:0005262]; glutamate receptor activity [GO:0008066]; ligand-gated monoatomic ion channel activity [GO:0015276]; signaling receptor activity [GO:0038023]	calcium ion transport [GO:0006816]; calcium-mediated signaling [GO:0019722]; cellular response to amino acid stimulus [GO:0071230]; intracellular calcium ion homeostasis [GO:0006874]; response to light stimulus [GO:0009416]	plasma membrane [GO:0005886]									NA	NA	NA	NA	NA	NA	NA
OG0000035	AT2G29110	GLR28_ARATH	Glutamate receptor 2.8 (Ligand-gated ion channel 2.8)	calcium channel activity [GO:0005262]; glutamate receptor activity [GO:0008066]; ligand-gated monoatomic ion channel activity [GO:0015276]; signaling receptor activity [GO:0038023]	calcium ion transport [GO:0006816]; calcium-mediated signaling [GO:0019722]; cellular response to amino acid stimulus [GO:0071230]; intracellular calcium ion homeostasis [GO:0006874]; response to light stimulus [GO:0009416]	plasma membrane [GO:0005886]	chr2:12508788	SYNONYMOUS_CODING	695	aLRLpMRL125	4.60050078099217	False	False	root morphology trait;DSDS50;leaf number	aLRLpMRL125	Salt induced changes in Root System Architecture	EZ-Rhizo - the average length of lateral root per main root length at 125 mM NaCl	root morphology trait	"A plant axis morphology trait (TO:0000738) which is a quality of a root (PO:0025025)." [GR:pj, PO:0025025, POC:cooperl]	1/2 MS medium, 1% agar, pH 5.8 with KOH, plants transferred to media containing 125 mM NaCl 4 days after germination. Root architecture scored 8 days after transfer to treatment media.	10.21958/phenotype:695
OG0000035	AT2G29120	GLR27_ARATH	Glutamate receptor 2.7 (Ligand-gated ion channel 2.7)	calcium channel activity [GO:0005262]; glutamate receptor activity [GO:0008066]; ligand-gated monoatomic ion channel activity [GO:0015276]; signaling receptor activity [GO:0038023]	calcium ion transport [GO:0006816]; calcium-mediated signaling [GO:0019722]; cellular response to amino acid stimulus [GO:0071230]; intracellular calcium ion homeostasis [GO:0006874]; response to light stimulus [GO:0009416]	plant-type vacuole [GO:0000325]; plasma membrane [GO:0005886]	chr2:12513200	INTRON	667	LRDpBZ75	6.76528067942025	False	False	root morphology trait;fruit length;relative root length	LRDpBZ75	Salt induced changes in Root System Architecture	EZ-Rhizo - Lateral Root Density per cm of Branching Zone at 75 mM NaCl	root morphology trait	"A plant axis morphology trait (TO:0000738) which is a quality of a root (PO:0025025)." [GR:pj, PO:0025025, POC:cooperl]	1/2 MS medium, 1% agar, pH 5.8 with KOH, plants transferred to media containing 75 mM NaCl 4 days after germination. Root architecture scored 8 days after transfer to treatment media.	10.21958/phenotype:667
OG0000035	AT4G31710	GLR24_ARATH	Glutamate receptor 2.4 (Ligand-gated ion channel 2.4)	calcium channel activity [GO:0005262]; glutamate receptor activity [GO:0008066]; ligand-gated monoatomic ion channel activity [GO:0015276]; signaling receptor activity [GO:0038023]	calcium ion transport [GO:0006816]; calcium-mediated signaling [GO:0019722]; cellular response to amino acid stimulus [GO:0071230]; intracellular calcium ion homeostasis [GO:0006874]; response to light stimulus [GO:0009416]; response to nematode [GO:0009624]	plasma membrane [GO:0005886]	chr4:15349207	NON_SYNONYMOUS_CODING	536	rSeeds mli	6.64287874910414	False	False	yield trait;plant width;flowering time trait;days to germinate;days to flowering trait	rSeeds mli	Lifetime fitness in Germany and Spain under rainfall manipulation	relative seed production (# offspring, excluding plants that died) in Madrid low precipitation treatment and individual (low density) replicate	yield trait	"A plant trait (TO:0000387) which is a harvestable product that is a plant anatomical entity (PO:0025131) or one or more constituent cellular components (GO:0005575) contained therein." [GR:pj, TO:cooperl]	NA	10.21958/phenotype:536
OG0000035	AT5G11180	GLR26_ARATH	Glutamate receptor 2.6 (Ligand-gated ion channel 2.6)	calcium channel activity [GO:0005262]; glutamate receptor activity [GO:0008066]; ligand-gated monoatomic ion channel activity [GO:0015276]; signaling receptor activity [GO:0038023]	calcium ion transport [GO:0006816]; calcium-mediated signaling [GO:0019722]; cellular response to amino acid stimulus [GO:0071230]; intracellular calcium ion homeostasis [GO:0006874]; response to light stimulus [GO:0009416]	plasma membrane [GO:0005886]	chr5:3558952	INTRON	130	DTFplantingSummer2008	8.12070565070748	True	False	days to flowering trait;root morphology trait;root length;leaf number;sulfur concentration	DTFplantingSummer2008	Flowering time in simulated seasons		days to flowering trait	"A flowering time trait (TO:0002616)which is the number of days required for an individual flower (PO:0009046), a whole plant (PO:0000003) or a plant population to reach flowering stage (PO:0007616) from a predetermined time point (e.g. the date of seed sowing, seedling transplant, or seedling emergence)." [GR:pj, TO:cooperl]	NA	10.21958/phenotype:130
OG0000035	AT5G11210	GLR25_ARATH	Glutamate receptor 2.5 (Ligand-gated ion channel 2.5)	calcium channel activity [GO:0005262]; G protein-coupled receptor activity [GO:0004930]; glutamate receptor activity [GO:0008066]; ligand-gated monoatomic ion channel activity [GO:0015276]; signaling receptor activity [GO:0038023]	calcium ion transport [GO:0006816]; calcium-mediated signaling [GO:0019722]; cellular response to amino acid stimulus [GO:0071230]; intracellular calcium ion homeostasis [GO:0006874]; response to light stimulus [GO:0009416]	plasma membrane [GO:0005886]	chr5:3571462	SYNONYMOUS_CODING	269	Li7	5.64422424945337	False	False	lithium concentration	Li7	Ion Concentration	Lithium concentrations in leaves	lithium concentration	"A mineral and ion content related trait (TO:0000465) which is the concentration of lithium (CHEBI:33298) in some plant structure (PO:0009011)." [GR:Karthik]	NA	10.21958/phenotype:269
OG0000035	AT5G27100	GLR21_ARATH	Glutamate receptor 2.1 (Ligand-gated ion channel 2.1) (AtGLR3)	calcium channel activity [GO:0005262]; glutamate receptor activity [GO:0008066]; ligand-gated monoatomic ion channel activity [GO:0015276]; signaling receptor activity [GO:0038023]	calcium ion transport [GO:0006816]; calcium-mediated signaling [GO:0019722]; cellular response to amino acid stimulus [GO:0071230]; intracellular calcium ion homeostasis [GO:0006874]; response to light stimulus [GO:0009416]	plasma membrane [GO:0005886]									NA	NA	NA	NA	NA	NA	NA
OG0006533	AT2G17440	PIRL5_ARATH	Plant intracellular Ras-group-related LRR protein 5		intracellular signal transduction [GO:0035556]	plasma membrane [GO:0005886]	chr2:7573078	NON_SYNONYMOUS_CODING	526	rSurvival fruit mhi	4.76657993567581	False	False	yield trait;seedling hypocotyl length;root branching	rSurvival fruit mhi	Lifetime fitness in Germany and Spain under rainfall manipulation	relative survival to reproduction (proportion of plants or 1/0 alive/dead) in Madrid high precipitation treatment and individual (low density) replicate	yield trait	"A plant trait (TO:0000387) which is a harvestable product that is a plant anatomical entity (PO:0025131) or one or more constituent cellular components (GO:0005575) contained therein." [GR:pj, TO:cooperl]	NA	10.21958/phenotype:526
OG0006533	AT4G35470	PIRL4_ARATH	Plant intracellular Ras-group-related LRR protein 4		intracellular signal transduction [GO:0035556]	nucleus [GO:0005634]; plasma membrane [GO:0005886]	chr4:16848847	UTR_3_PRIME	102	FT22	8.85487719565779	True	False	days to flowering trait;leaf number;sodium concentration;root morphology trait	FT22	Atwell et. al, Nature 2010	Plants were checked bi-weekly for presence of first buds, and the average flowering time of 4 plants of the same accession were collected	days to flowering trait	"A flowering time trait (TO:0002616)which is the number of days required for an individual flower (PO:0009046), a whole plant (PO:0000003) or a plant population to reach flowering stage (PO:0007616) from a predetermined time point (e.g. the date of seed sowing, seedling transplant, or seedling emergence)." [GR:pj, TO:cooperl]	NA	10.21958/phenotype:102
OG0003184	AT5G16880	TOL1_ARATH	TOM1-like protein 1	phosphatidylinositol binding [GO:0035091]; ubiquitin binding [GO:0043130]	protein transport to vacuole involved in ubiquitin-dependent protein catabolic process via the multivesicular body sorting pathway [GO:0043328]	membrane [GO:0016020]; nucleus [GO:0005634]; plastid [GO:0009536]									NA	NA	NA	NA	NA	NA	NA
OG0010882	AT3G47990	SIS3_ARATH	E3 ubiquitin-protein ligase SIS3 (EC 2.3.2.27) (Protein SUGAR INSENSITIVE 3) (RING-type E3 ubiquitin transferase SIS3)	ubiquitin protein ligase activity [GO:0061630]; ubiquitin-protein transferase activity [GO:0004842]; zinc ion binding [GO:0008270]	protein ubiquitination [GO:0016567]; sugar mediated signaling pathway [GO:0010182]	membrane [GO:0016020]; mitochondrion [GO:0005739]	chr3:17715335	SYNONYMOUS_CODING	671	Basal75	5.74912329230089	False	False	root morphology trait;days to flowering trait;seedling hypocotyl length	Basal75	Salt induced changes in Root System Architecture	EZ-Rhizo - length of the Basal Zone at 75 mM NaCl	root morphology trait	"A plant axis morphology trait (TO:0000738) which is a quality of a root (PO:0025025)." [GR:pj, PO:0025025, POC:cooperl]	1/2 MS medium, 1% agar, pH 5.8 with KOH, plants transferred to media containing 75 mM NaCl 4 days after germination. Root architecture scored 8 days after transfer to treatment media.	10.21958/phenotype:671
OG0006158	AT1G01470	LEA14_ARATH	Probable desiccation-related protein LEA14		defense response to fungus [GO:0050832]; response to desiccation [GO:0009269]; response to high light intensity [GO:0009644]; response to wounding [GO:0009611]	cytosol [GO:0005829]	chr1:172837	UTR_5_PRIME	289	Root length (Day 1)	6.08607212244107	False	False	root length;days to flowering trait;leaf number	Root length (Day 1)	Satbhai et. al. Nature Communications 2017	Root length was measured 1 day post germination	root length	"A root morphology trait (TO:0000043) which is the length of one or more roots (PO:0009005)." [GR:jcl\nGR\:pj, TO:austin_meier\nTO\:cooperl]	Fe deficiency	10.21958/phenotype:289
OG0006158	AT2G46140	LEA2R_ARATH	Desiccation-related protein At2g46140 (LEA type-2 family protein At2g46140)		response to desiccation [GO:0009269]	cytosol [GO:0005829]; plasma membrane [GO:0005886]	chr2:18959543	INTRON	120	DTFplantingLoc2008	8.80030891917065	True	False	days to flowering trait;lithium concentration	DTFplantingLoc2008	Flowering time in simulated seasons		days to flowering trait	"A flowering time trait (TO:0002616)which is the number of days required for an individual flower (PO:0009046), a whole plant (PO:0000003) or a plant population to reach flowering stage (PO:0007616) from a predetermined time point (e.g. the date of seed sowing, seedling transplant, or seedling emergence)." [GR:pj, TO:cooperl]	NA	10.21958/phenotype:120
OG0001520	AT4G29930	BH027_ARATH	Transcription factor bHLH27 (Basic helix-loop-helix protein 27) (AtbHLH27) (bHLH 27) (Transcription factor EN 42) (bHLH transcription factor bHLH027)	DNA-binding transcription factor activity [GO:0003700]; protein dimerization activity [GO:0046983]; sequence-specific DNA binding [GO:0043565]	DNA-templated transcription [GO:0006351]; regulation of DNA-templated transcription [GO:0006355]	nucleus [GO:0005634]	chr4:14645022	INTRON	695	aLRLpMRL125	5.8585148337526	False	False	root morphology trait;cadmium concentration;flowering time trait	aLRLpMRL125	Salt induced changes in Root System Architecture	EZ-Rhizo - the average length of lateral root per main root length at 125 mM NaCl	root morphology trait	"A plant axis morphology trait (TO:0000738) which is a quality of a root (PO:0025025)." [GR:pj, PO:0025025, POC:cooperl]	1/2 MS medium, 1% agar, pH 5.8 with KOH, plants transferred to media containing 125 mM NaCl 4 days after germination. Root architecture scored 8 days after transfer to treatment media.	10.21958/phenotype:695
OG0001520	AT5G57150	BH035_ARATH	Transcription factor bHLH35 (Basic helix-loop-helix protein 35) (AtbHLH35) (bHLH 35) (Transcription factor EN 41) (bHLH transcription factor bHLH035)	DNA-binding transcription factor activity [GO:0003700]; protein dimerization activity [GO:0046983]; sequence-specific DNA binding [GO:0043565]	DNA-templated transcription [GO:0006351]; regulation of DNA-templated transcription [GO:0006355]	nucleus [GO:0005634]	chr5:23153379	INTRON	261	FT10	8.04573747276626	False	False	days to flowering trait;seed dormancy;yield trait;root morphology trait	FT10	1001genomes flowering time phenotypes	Flowering time was scored as days until first
open flower	days to flowering trait	"A flowering time trait (TO:0002616)which is the number of days required for an individual flower (PO:0009046), a whole plant (PO:0000003) or a plant population to reach flowering stage (PO:0007616) from a predetermined time point (e.g. the date of seed sowing, seedling transplant, or seedling emergence)." [GR:pj, TO:cooperl]	Seeds for all 1135 accessions were surface-sterilized with chlorine gas. Seeds were distributed in pots with four replicates in a randomized block design, each replicate corresponding to one block. Plants were grown in growth chambers with the following settings: after 6 days of stratification in the dark at 4ºC, constant temperature of 10°C with 16 hours light / 8 hours darkness, 65% humidity. All trays within a block were moved to a new shelf and rotated 180º every other day to minimize position effects.	10.21958/phenotype:261
