folder,variableRaw,VariableID,Description,Unit,DatasetName,Source,Link
DATA/ENV/ERA5_bioclim,BIO01_era5_1979-2018-mean_v1.0.nc,BIO1,Annual mean temperature,K,Global bioclimatic indicators from 1979 to 2018 derived from reanalysis,Copernicus Climate Data Store,https://doi.org/10.24381/cds.bce175f0
DATA/ENV/ERA5_bioclim,BIO02_era5_1979-2018-mean_v1.0.nc,BIO2,Mean diurnal range,K,Global bioclimatic indicators from 1979 to 2018 derived from reanalysis,Copernicus Climate Data Store,https://doi.org/10.24381/cds.bce175f0
DATA/ENV/ERA5_bioclim,BIO03_era5_1979-2018-mean_v1.0.nc,BIO3,Isothermality,%,Global bioclimatic indicators from 1979 to 2018 derived from reanalysis,Copernicus Climate Data Store,https://doi.org/10.24381/cds.bce175f0
DATA/ENV/ERA5_bioclim,BIO04_era5_1979-2018-mean_v1.0.nc,BIO4,Temperature seasonality,K,Global bioclimatic indicators from 1979 to 2018 derived from reanalysis,Copernicus Climate Data Store,https://doi.org/10.24381/cds.bce175f0
DATA/ENV/ERA5_bioclim,BIO05_era5_1979-2018-mean_v1.0.nc,BIO5,Maximal temperature of warmest month,K,Global bioclimatic indicators from 1979 to 2018 derived from reanalysis,Copernicus Climate Data Store,https://doi.org/10.24381/cds.bce175f0
DATA/ENV/ERA5_bioclim,BIO06_era5_1979-2018-mean_v1.0.nc,BIO6,Minimum temperature of coldest month,K,Global bioclimatic indicators from 1979 to 2018 derived from reanalysis,Copernicus Climate Data Store,https://doi.org/10.24381/cds.bce175f0
DATA/ENV/ERA5_bioclim,BIO07_era5_1979-2018-mean_v1.0.nc,BIO7,Temperature annual range,K,Global bioclimatic indicators from 1979 to 2018 derived from reanalysis,Copernicus Climate Data Store,https://doi.org/10.24381/cds.bce175f0
DATA/ENV/ERA5_bioclim,BIO08_era5_1979-2018-mean_v1.0.nc,BIO8,Mean temperature wettest quarter,K,Global bioclimatic indicators from 1979 to 2018 derived from reanalysis,Copernicus Climate Data Store,https://doi.org/10.24381/cds.bce175f0
DATA/ENV/ERA5_bioclim,BIO09_era5_1979-2018-mean_v1.0.nc,BIO9,Mean temperature driest quarter,K,Global bioclimatic indicators from 1979 to 2018 derived from reanalysis,Copernicus Climate Data Store,https://doi.org/10.24381/cds.bce175f0
DATA/ENV/ERA5_bioclim,BIO10_era5_1979-2018-mean_v1.0.nc,BIO10,Mean temperature warmest quarter,K,Global bioclimatic indicators from 1979 to 2018 derived from reanalysis,Copernicus Climate Data Store,https://doi.org/10.24381/cds.bce175f0
DATA/ENV/ERA5_bioclim,BIO11_era5_1979-2018-mean_v1.0.nc,BIO11,Mean temperature coldest quarter,K,Global bioclimatic indicators from 1979 to 2018 derived from reanalysis,Copernicus Climate Data Store,https://doi.org/10.24381/cds.bce175f0
DATA/ENV/ERA5_bioclim,BIO12_era5_1979-2018-mean_v1.0.nc,BIO12,Annual precipitation,m/s,Global bioclimatic indicators from 1979 to 2018 derived from reanalysis,Copernicus Climate Data Store,https://doi.org/10.24381/cds.bce175f0
DATA/ENV/ERA5_bioclim,BIO13_era5_1979-2018-mean_v1.0.nc,BIO13,Precipitation wettest month,m/s,Global bioclimatic indicators from 1979 to 2018 derived from reanalysis,Copernicus Climate Data Store,https://doi.org/10.24381/cds.bce175f0
DATA/ENV/ERA5_bioclim,BIO14_era5_1979-2018-mean_v1.0.nc,BIO14,Precipitation driest month,m/s,Global bioclimatic indicators from 1979 to 2018 derived from reanalysis,Copernicus Climate Data Store,https://doi.org/10.24381/cds.bce175f0
DATA/ENV/ERA5_bioclim,BIO15_era5_1979-2018-mean_v1.0.nc,BIO15,Precipitation seasonality,%,Global bioclimatic indicators from 1979 to 2018 derived from reanalysis,Copernicus Climate Data Store,https://doi.org/10.24381/cds.bce175f0
DATA/ENV/ERA5_bioclim,BIO16_era5_1979-2018-mean_v1.0.nc,BIO16,Precipitation wettest quarter,m/s,Global bioclimatic indicators from 1979 to 2018 derived from reanalysis,Copernicus Climate Data Store,https://doi.org/10.24381/cds.bce175f0
DATA/ENV/ERA5_bioclim,BIO17_era5_1979-2018-mean_v1.0.nc,BIO17,Precipitation driest quarter,m/s,Global bioclimatic indicators from 1979 to 2018 derived from reanalysis,Copernicus Climate Data Store,https://doi.org/10.24381/cds.bce175f0
DATA/ENV/ERA5_bioclim,BIO18_era5_1979-2018-mean_v1.0.nc,BIO18,Precipitation  warmest quarter,m/s,Global bioclimatic indicators from 1979 to 2018 derived from reanalysis,Copernicus Climate Data Store,https://doi.org/10.24381/cds.bce175f0
DATA/ENV/ERA5_bioclim,BIO19_era5_1979-2018-mean_v1.0.nc,BIO19,Precipitation coldest quarter,m/s,Global bioclimatic indicators from 1979 to 2018 derived from reanalysis,Copernicus Climate Data Store,https://doi.org/10.24381/cds.bce175f0
DATA/ENV/ERA5_bioclim,aridity_annual-mean_era5_1979-2018-mean_v1.0.nc,ARIDITY,Aridity,,Global bioclimatic indicators from 1979 to 2018 derived from reanalysis,Copernicus Climate Data Store,https://doi.org/10.24381/cds.bce175f0
DATA/ENV/ERA5_bioclim,cloud-cover_annual-mean_era5_1979-2018-mean_v1.0.nc,CLOCOV,Cloud cover,,Global bioclimatic indicators from 1979 to 2018 derived from reanalysis,Copernicus Climate Data Store,https://doi.org/10.24381/cds.bce175f0
DATA/ENV/ERA5_bioclim,evaporative-fraction_annual-mean_era5_1979-2018-mean_v1.0.nc,EVAPO,Evaporative fraction,,Global bioclimatic indicators from 1979 to 2018 derived from reanalysis,Copernicus Climate Data Store,https://doi.org/10.24381/cds.bce175f0
DATA/ENV/ERA5_bioclim,growing-degree-days_annual-sum_era5_1979-2018-mean_v1.0.nc,GRODD,Growing degree days,K*day/yr,Global bioclimatic indicators from 1979 to 2018 derived from reanalysis,Copernicus Climate Data Store,https://doi.org/10.24381/cds.bce175f0
DATA/ENV/ERA5_bioclim,potential-evaporation_annual-mean_era5_1979-2018-mean_v1.0.nc,POTEVA,Potential evaporation,m/s,Global bioclimatic indicators from 1979 to 2018 derived from reanalysis,Copernicus Climate Data Store,https://doi.org/10.24381/cds.bce175f0
DATA/ENV/ERA5_bioclim,volumetric-soil-water-layer-1_annual-mean_era5_1979-2018-mean_v1.0.nc,VSOILW,Volumetric soil water,m3/m3,Global bioclimatic indicators from 1979 to 2018 derived from reanalysis,Copernicus Climate Data Store,https://doi.org/10.24381/cds.bce175f0
DATA/ENV/SoilGrids,bdod_0-5cm_mean_1000.tif,BULKD,Bulk Density,cg/cm3,SoilGrids,SoilGrids,https://files.isric.org/soilgrids/latest/data_aggregated/1000m/
DATA/ENV/SoilGrids,cec_0-5cm_mean_1000.tif,CEC,Cation exchange capacity (at ph 7),mmol(c)/kg,SoilGrids,SoilGrids,https://files.isric.org/soilgrids/latest/data_aggregated/1000m/
DATA/ENV/SoilGrids,cfvo_0-5cm_mean_1000.tif,COFRA,Coarse fragments,cm3/dm3,SoilGrids,SoilGrids,https://files.isric.org/soilgrids/latest/data_aggregated/1000m/
DATA/ENV/SoilGrids,clay_0-5cm_mean_1000.tif,CLAY,Clay content,cm3/dm3,SoilGrids,SoilGrids,https://files.isric.org/soilgrids/latest/data_aggregated/1000m/
DATA/ENV/SoilGrids,nitrogen_0-5cm_mean_1000.tif,NITRO,Nitrogen ,cg/kg,SoilGrids,SoilGrids,https://files.isric.org/soilgrids/latest/data_aggregated/1000m/
DATA/ENV/SoilGrids,ocd_0-5cm_mean_1000.tif,OCDEN,Organic carbon density,hg/m3,SoilGrids,SoilGrids,https://files.isric.org/soilgrids/latest/data_aggregated/1000m/
DATA/ENV/SoilGrids,ocs_0-30cm_mean_1000.tif,OCSTO,Soil organic carbon stock,t/ha,SoilGrids,SoilGrids,https://files.isric.org/soilgrids/latest/data_aggregated/1000m/
DATA/ENV/SoilGrids,phh2o_0-5cm_mean_1000.tif,PHW,pH water,pH*10,SoilGrids,SoilGrids,https://files.isric.org/soilgrids/latest/data_aggregated/1000m/
DATA/ENV/SoilGrids,sand_0-5cm_mean_1000.tif,SAND,Sand,g/kg,SoilGrids,SoilGrids,https://files.isric.org/soilgrids/latest/data_aggregated/1000m/
DATA/ENV/SoilGrids,silt_0-5cm_mean_1000.tif,SILT,Silt,g/kg,SoilGrids,SoilGrids,https://files.isric.org/soilgrids/latest/data_aggregated/1000m/
DATA/ENV/GMRT,GMRTv4_4_0_20251215topo.tif,TOPO,Topography,m,Global multiresolution topography,GMRT,https://www.gmrt.org/
DATA/ENV/ERA5_bioclim,summer-days_annual-sum_era5_1979-2018-mean_v1.0.nc,SUMDA,Sum of annual summer days,days,Global bioclimatic indicators from 1979 to 2018 derived from reanalysis,Copernicus Climate Data Store,https://doi.org/10.24381/cds.bce175f0
DATA/ENV/ERA5_bioclim,dry-days_annual-sum_era5_1979-2018-mean_v1.0.nc,DRYDA,Sum of annual dry days,days,Global bioclimatic indicators from 1979 to 2018 derived from reanalysis,Copernicus Climate Data Store,https://doi.org/10.24381/cds.bce175f0
DATA/ENV/ERA5_bioclim,dry-spells_maximum-length_era5_1979-2018-mean_v1.0.nc,DRYSL,Maximal length of dry spells,days,Global bioclimatic indicators from 1979 to 2018 derived from reanalysis,Copernicus Climate Data Store,https://doi.org/10.24381/cds.bce175f0
DATA/ENV/ERA5_bioclim,dry-spells_mean-intensity_era5_1979-2018-mean_v1.0.nc,DRYSI,Maximal intensity of dry spells,days,Global bioclimatic indicators from 1979 to 2018 derived from reanalysis,Copernicus Climate Data Store,https://doi.org/10.24381/cds.bce175f0
DATA/ENV/ERA5_bioclim,frost-days_annual-sum_era5_1979-2018-mean_v1.0.nc,FRODA,Sum of annual frost days,days,Global bioclimatic indicators from 1979 to 2018 derived from reanalysis,Copernicus Climate Data Store,https://doi.org/10.24381/cds.bce175f0
DATA/ENV/CONSENSUS_LC,consensus_full_class_7.tif,LCCROP,Cultivated and Managed Vegetation,,Global 1-km Consensus Land Cover,EarthEnv,https://www.earthenv.org/landcover
DATA/ENV/CONSENSUS_LC,consensus_full_class_9.tif,LCUBU,Urban/Built-up,,Global 1-km Consensus Land Cover,EarthEnv,https://www.earthenv.org/landcover
